{"metadata":{"asset_id":"010a13c5-b063-446a-b2dd-a8eb26f4da37","asset_attributes":["data_flow"],"name":"challengers.csv_flow","asset_type":"data_flow","created_at":"2022-04-13T14:08:03Z","description":"","origin_country":"us","owner_id":"IBMid-664003EV2K","project_id":"4f4a6e63-a26b-489e-af8e-4305f1c460ac","size":0,"tags":[],"usage":{"last_update_time":1649858883709,"last_updated_at":"2022-04-13T14:08:03Z"}},"entity":{"data_flow":{"pipeline":{"primary_pipeline":"pipeline1","pipelines":[{"nodes":[{"output":{"id":"source1output"},"data_asset":{"ref":"c7a5e36d-1c95-4063-89b6-5f9e8fa61bf9","app_data":{"dataset_name":"challengers.csv"},"properties":{"first_line_header":"true","encoding":"UTF-8","invalid_data_handling":"fail","file_format":"csv"}},"id":"source1","type":"binding"},{"input":{"link":{"node_id_ref":"source1","port_id_ref":"source1output"},"id":"targetInput1"},"data_asset":{"app_data":{"targetType":"dataAsset","project_name":"Predictive Data Modeling"},"properties":{"mode":"overwrite","name":"challengers_csv_shaped","first_line_header":true,"file_format":"csv"}},"id":"target1","type":"binding"}],"runtime":"Spark","id":"pipeline1"}],"doc_type":"pipeline","id":"94e2fae1-34cf-478e-938d-b2f23d7c597f","app_data":{"replace_space_by_dot":true,"shaperCreated":true},"version":"1.0"},"_entity_only":true}}}
