{"metadata":{"asset_id":"c7a5e36d-1c95-4063-89b6-5f9e8fa61bf9","asset_attributes":["data_asset"],"name":"challengers.csv","asset_type":"data_asset","created_at":"2022-04-13T14:03:12Z","description":"","origin_country":"us","owner_id":"IBMid-664003EV2K","project_id":"4f4a6e63-a26b-489e-af8e-4305f1c460ac","size":388,"tags":[],"usage":{"last_update_time":1649858592438,"last_updated_at":"2022-04-13T14:03:12Z"}},"entity":{"data_asset":{"mime_type":"text/csv","dataset":false}},"attachments":[{"id":"8cb44ca8-2629-48db-b8de-2617fcc3d081","version":2,"asset_type":"data_asset","name":"challengers.csv","mime":"text/csv","datasource_type":"193a97c1-4475-4a19-b90c-295c4fdc6517","object_key":"challengers.csv","creator_id":"IBMid-664003EV2K","create_time":1649858593046,"size":388,"is_remote":false,"is_managed":false,"is_referenced":true,"is_object_key_read_only":true,"is_user_provided_path_key":true,"transfer_complete":true,"is_partitioned":false,"complete_time_ticks":1649858593046,"user_data":{},"test_doc":0,"handle":{"bucket":"predictivedatamodeling-donotdelete-pr-1edqfpdefciabs","location":"eu-geo","key":"challengers.csv","upload_id":"done","max_part_num":1},"usage":{"access_count":0,"last_accessor_id":"IBMid-664003EV2K","last_access_time":1649858593046}}]}
