{"metadata":{"asset_id":"2febaa9f-7690-443c-8b4b-accec9e8072c","asset_attributes":["wml_model"],"name":"Shuttle Launcher SPSS Model","asset_type":"wml_model","created_at":"2022-04-14T11:49:58Z","description":"","origin_country":"us","owner_id":"IBMid-664003EV2K","project_id":"4f4a6e63-a26b-489e-af8e-4305f1c460ac","sandbox_id":"4f4a6e63-a26b-489e-af8e-4305f1c460ac","size":14198,"usage":{"last_update_time":1649937000585,"last_updated_at":"2022-04-14T11:50:00Z"}},"entity":{"wml_model":{"hybrid_pipeline_software_specs":[],"software_spec":{"base_id":"687eddc9-028a-4117-b9dd-e57b36f1efa5","name":"spss-modeler_18.2"},"ml_version":"4.0.15","type":"spss-modeler_18.2","schemas":{"input":[{"fields":[{"metadata":{},"name":"o_ring_ct","nullable":true,"type":"integer"},{"metadata":{},"name":"o_ring_failures","nullable":true,"type":"integer"},{"metadata":{},"name":"temperature","nullable":true,"type":"integer"},{"metadata":{},"name":"pressure","nullable":true,"type":"integer"},{"metadata":{},"name":"launch_id","nullable":true,"type":"integer"}],"id":"challengers.csv","name":"Data asset","type":"struct"}],"output":[{"fields":[{"metadata":{},"name":"o_ring_ct","nullable":true,"type":"integer"},{"metadata":{},"name":"o_ring_failures","nullable":true,"type":"integer"},{"metadata":{},"name":"temperature","nullable":true,"type":"integer"},{"metadata":{},"name":"pressure","nullable":true,"type":"integer"},{"metadata":{},"name":"launch_id","nullable":true,"type":"integer"},{"metadata":{},"name":"Partition","nullable":true,"type":"string"},{"metadata":{},"name":"$E-o_ring_failures","nullable":true,"type":"double"}],"id":"id686W37Z59Y7","name":"? v. ?","type":"struct"}]}}},"attachments":[{"id":"36cf1a44-dbef-4f6f-b8b7-4c04d33e1f71","version":2,"asset_type":"wml_model","datasource_type":"193a97c1-4475-4a19-b90c-295c4fdc6517","creator_id":"IBMid-664003EV2K","create_time":1649936999301,"size":14198,"is_remote":false,"is_managed":true,"is_referenced":false,"is_object_key_read_only":false,"is_user_provided_path_key":false,"transfer_complete":true,"is_partitioned":false,"complete_time_ticks":1649937000429,"user_data":{"content_format":"native"},"test_doc":0,"handle":{"bucket":"predictivedatamodeling-donotdelete-pr-1edqfpdefciabs","location":"eu-geo","type":"bluemix_cos","key":"6fc15720-e2ac-4524-82fe-c2695c611556/2febaa9f-7690-443c-8b4b-accec9e8072c/36cf1a44-dbef-4f6f-b8b7-4c04d33e1f71","upload_id":"done","max_part_num":1},"usage":{"access_count":0,"last_accessor_id":"IBMid-664003EV2K","last_access_time":1649936999301}}]}
