{"metadata":{"asset_id":"8c2cb50e-281c-434f-b65e-633a95506b35","asset_attributes":["data_asset"],"name":"bank.csv","asset_type":"data_asset","created_at":"2022-04-24T10:11:29Z","origin_country":"us","owner_id":"IBMid-664003EV2K","project_id":"bb583447-042b-46fc-88d3-df06a5c2d503","size":918960,"usage":{"last_update_time":1650795089288,"last_updated_at":"2022-04-24T10:11:29Z"}},"entity":{"data_asset":{"mime_type":"text/csv","dataset":false}},"attachments":[{"id":"16798517-9f90-46c9-8802-c031c916c4fb","version":2,"asset_type":"data_asset","name":"bank.csv","mime":"text/csv","datasource_type":"193a97c1-4475-4a19-b90c-295c4fdc6517","object_key":"bank.csv","creator_id":"IBMid-664003EV2K","create_time":1650795090034,"size":918960,"is_remote":false,"is_managed":false,"is_referenced":true,"is_object_key_read_only":true,"is_user_provided_path_key":true,"transfer_complete":true,"is_partitioned":false,"complete_time_ticks":1650795090034,"user_data":{},"test_doc":0,"handle":{"bucket":"classificationofbank-donotdelete-pr-avlb6yqeij1tdh","location":"eu-geo","key":"bank.csv","upload_id":"done","max_part_num":1},"usage":{"access_count":0,"last_accessor_id":"IBMid-664003EV2K","last_access_time":1650795090034}}]}
