{"metadata":{"asset_id":"e3f00c76-f967-4345-82c3-c2a4a3f179a7","asset_attributes":["data_flow"],"name":"bank.csv_flow","asset_type":"data_flow","created_at":"2022-04-24T10:17:14Z","description":"","origin_country":"us","owner_id":"IBMid-664003EV2K","project_id":"bb583447-042b-46fc-88d3-df06a5c2d503","size":0,"tags":[],"usage":{"last_update_time":1650795434221,"last_updated_at":"2022-04-24T10:17:14Z"}},"entity":{"data_flow":{"pipeline":{"primary_pipeline":"pipeline1","pipelines":[{"nodes":[{"output":{"id":"source1output"},"data_asset":{"ref":"8c2cb50e-281c-434f-b65e-633a95506b35","app_data":{"dataset_name":"bank.csv"},"properties":{"row_start":"0","first_line_header":"true","encoding":"UTF-8","invalid_data_handling":"fail","file_format":"csv"}},"id":"source1","type":"binding"},{"outputs":[{"id":"outputPort1"}],"op":"com.ibm.wdp.transformer.FreeformCode","inputs":[{"links":[{"node_id_ref":"source1","port_id_ref":"source1output"}],"id":"inputPort1"}],"id":"914fdea2-af9b-4bf6-9046-0aef83ef7187","type":"execution_node","app_data":{"uiParams":{"args":{"auto":true,"type":"mutate","conditions":[],"version":10,"autoConditions":[{"removeColumn":false,"newColumnName":"","actualType":"character","column":"age","format":"","type":"as.integer"},{"removeColumn":false,"newColumnName":"","actualType":"character","column":"balance","format":"","type":"as.integer"},{"removeColumn":false,"newColumnName":"","actualType":"character","column":"day","format":"","type":"as.integer"},{"removeColumn":false,"newColumnName":"","actualType":"character","column":"duration","format":"","type":"as.integer"},{"removeColumn":false,"newColumnName":"","actualType":"character","column":"campaign","format":"","type":"as.integer"},{"removeColumn":false,"newColumnName":"","actualType":"character","column":"pdays","format":"","type":"as.integer"},{"removeColumn":false,"newColumnName":"","actualType":"character","column":"previous","format":"","type":"as.integer"}]},"code":"mutate(`age` = as.integer(`age`),`balance` = as.integer(`balance`),`day` = as.integer(`day`),`duration` = as.integer(`duration`),`campaign` = as.integer(`campaign`),`pdays` = as.integer(`pdays`),`previous` = as.integer(`previous`))","automatic":true,"key":"mutate"}},"parameters":{"FREEFORM_CODE":"mutate(`age` = as.integer(`age`),`balance` = as.integer(`balance`),`day` = as.integer(`day`),`duration` = as.integer(`duration`),`campaign` = as.integer(`campaign`),`pdays` = as.integer(`pdays`),`previous` = as.integer(`previous`))"}},{"input":{"link":{"node_id_ref":"914fdea2-af9b-4bf6-9046-0aef83ef7187","port_id_ref":"outputPort1"},"id":"targetInput1"},"data_asset":{"app_data":{"targetType":"dataAsset","project_name":"Classification of Bank"},"properties":{"mode":"overwrite","name":"bank_csv_shaped","first_line_header":true,"file_format":"csv"}},"id":"target1","type":"binding"}],"runtime":"Spark","id":"pipeline1"}],"doc_type":"pipeline","id":"cb830d2f-d994-409b-ba9b-e5548b7c1fda","app_data":{"replace_space_by_dot":true,"shaperCreated":true},"version":"1.0"},"_entity_only":true}}}
