{"metadata":{"asset_id":"c00e1d99-27f1-421c-ab73-e73370cffa79","asset_attributes":["data_asset"],"name":"insurance.csv","asset_type":"data_asset","created_at":"2022-04-24T16:27:18Z","origin_country":"us","owner_id":"IBMid-664003EV2K","project_id":"e7f5aa72-c314-4d75-bf50-9fdcdec4b643","size":55628,"usage":{"last_update_time":1650817638683,"last_updated_at":"2022-04-24T16:27:18Z"}},"entity":{"data_asset":{"mime_type":"text/csv","dataset":false}},"attachments":[{"id":"d5c8cc20-271a-489b-b3f9-88b0254192bd","version":2,"asset_type":"data_asset","name":"insurance.csv","mime":"text/csv","datasource_type":"193a97c1-4475-4a19-b90c-295c4fdc6517","object_key":"insurance.csv","creator_id":"IBMid-664003EV2K","create_time":1650817639266,"size":55628,"is_remote":false,"is_managed":false,"is_referenced":true,"is_object_key_read_only":true,"is_user_provided_path_key":true,"transfer_complete":true,"is_partitioned":false,"complete_time_ticks":1650817639266,"user_data":{},"test_doc":0,"handle":{"bucket":"insurancesegmentation-donotdelete-pr-z8lqayjwpldu44","location":"eu-geo","key":"insurance.csv","upload_id":"done","max_part_num":1},"usage":{"access_count":0,"last_accessor_id":"IBMid-664003EV2K","last_access_time":1650817639266}}]}
