{"metadata":{"asset_id":"79d18fb6-787a-4db0-b7b8-858b50b46b84","asset_attributes":["data_flow"],"name":"insurance.csv_flow","asset_type":"data_flow","created_at":"2022-04-24T16:32:07Z","description":"","origin_country":"us","owner_id":"IBMid-664003EV2K","project_id":"e7f5aa72-c314-4d75-bf50-9fdcdec4b643","size":0,"tags":[],"usage":{"last_update_time":1650888384973,"last_updated_at":"2022-04-25T12:06:24Z"}},"entity":{"data_flow":{"pipeline":{"version":"1.0","doc_type":"pipeline","app_data":{"shaperCreated":true,"replace_space_by_dot":true},"primary_pipeline":"pipeline1","pipelines":[{"id":"pipeline1","nodes":[{"output":{"id":"source1output"},"data_asset":{"ref":"c00e1d99-27f1-421c-ab73-e73370cffa79","app_data":{"dataset_name":"insurance.csv"},"properties":{"row_start":"0","first_line_header":"true","encoding":"UTF-8","invalid_data_handling":"fail","file_format":"csv"}},"id":"source1","type":"binding"},{"op":"com.ibm.wdp.transformer.FreeformCode","id":"5606cef3-d7c1-40bf-a2f1-714c2ff784c0","type":"execution_node","app_data":{"uiParams":{"key":"mutate","code":"mutate(`age` = as.integer(`age`),`bmi` = as.double(`bmi`),`children` = as.integer(`children`),`premium` = as.double(`premium`))","args":{"type":"mutate","conditions":[],"auto":true,"autoConditions":[{"column":"age","type":"as.integer","newColumnName":"","format":"","actualType":"character","removeColumn":false},{"column":"bmi","type":"as.double","newColumnName":"","format":"","actualType":"character","removeColumn":false},{"column":"children","type":"as.integer","newColumnName":"","format":"","actualType":"character","removeColumn":false},{"column":"premium","type":"as.double","newColumnName":"","format":"","actualType":"character","removeColumn":false}],"version":10}}},"parameters":{"FREEFORM_CODE":"mutate(`age` = as.integer(`age`),`bmi` = as.double(`bmi`),`children` = as.integer(`children`),`premium` = as.double(`premium`))"},"inputs":[{"id":"inputPort1","links":[{"node_id_ref":"source1","port_id_ref":"source1output"}]}],"outputs":[{"id":"outputPort1"}]},{"input":{"link":{"node_id_ref":"5606cef3-d7c1-40bf-a2f1-714c2ff784c0","port_id_ref":"outputPort1"},"id":"targetInput1"},"data_asset":{"app_data":{"targetType":"dataAsset","project_name":"Insurance segmentation"},"properties":{"mode":"overwrite","name":"insurance_csv_shaped","first_line_header":true,"file_format":"csv"}},"id":"target1","type":"binding"}],"runtime":"Spark"}],"id":"80799eef-6411-45d1-8db7-b9469023bb32"},"_entity_only":true}}}
